CFSAUID,PRUID_fire,PRNAME_fire,LANDAREA_fire,num_wildfires,total_area_burned,avg_area_burned,years_with_fires,fires_per_100km2,burned_percent,PRUID_wind,PRNAME_wind,LANDAREA_wind,num_wind_events,num_tornadoes,avg_max_wind,max_max_wind,avg_path_length_km,avg_path_width_m,wind_events_per_100km2,risk_cluster,risk_label
A0G,10,Newfoundland and Labrador / Terre-Neuve-et-Labrador,15499.6047,7,242.498,34.64257142857143,6,0.0451624421105397,1.5645431267030958,10,Newfoundland and Labrador / Terre-Neuve-et-Labrador,15499.6047,1,0,,,,,0.0064517774443628,0,Low
A0K,10,Newfoundland and Labrador / Terre-Neuve-et-Labrador,58466.1398,9,15156.487,1684.0541111111113,4,0.015393525262292,25.92352950245571,10,Newfoundland and Labrador / Terre-Neuve-et-Labrador,58466.1398,1,1,110.0,110.0,,,0.0017103916958102,0,Low
A0R,10,Newfoundland and Labrador / Terre-Neuve-et-Labrador,64964.7996,52,570657.9185504328,10974.190741354476,14,0.0800433470435888,878.4109580327756,10,Newfoundland and Labrador / Terre-Neuve-et-Labrador,64964.7996,1,1,190.0,190.0,3.91,320.0,0.0015392951354536,0,Low
B0M,12,Nova Scotia / Nouvelle-Écosse,4101.9623,42,118.06136049656,2.8109847737276192,10,1.023900195279708,2.878167858747995,12,Nova Scotia / Nouvelle-Écosse,4101.9623,1,0,,,,,0.0243785760780882,0,Low
B0N,12,Nova Scotia / Nouvelle-Écosse,4851.283,40,214.95115903813,5.3737789759532495,8,0.8245241516522537,4.430810551314569,12,Nova Scotia / Nouvelle-Écosse,4851.283,2,1,135.0,155.0,0.62,50.0,0.0412262075826126,0,Low
B2S,12,Nova Scotia / Nouvelle-Écosse,458.5052,2,3.69,1.845,1,0.4362000692685709,0.8047891278005135,12,Nova Scotia / Nouvelle-Écosse,458.5052,1,1,,,,,0.2181000346342854,0,Low
E7C,13,New Brunswick / Nouveau-Brunswick,1066.1272,1,0.8,0.8,1,0.0937974380542959,0.0750379504434367,13,New Brunswick / Nouveau-Brunswick,1066.1272,2,0,,,,,0.1875948761085919,0,Low
E7H,13,New Brunswick / Nouveau-Brunswick,583.6354,1,105.0,105.0,1,0.1713398467604946,17.99068390985194,13,New Brunswick / Nouveau-Brunswick,583.6354,1,0,145.0,145.0,,,0.1713398467604946,0,Low
E8A,13,New Brunswick / Nouveau-Brunswick,2478.2472,1,79.0,79.0,1,0.0403510997611537,3.187736881131148,13,New Brunswick / Nouveau-Brunswick,2478.2472,5,1,190.0,190.0,3.03,290.0,0.2017554988057688,0,Low
G0A,24,Quebec / Québec,11122.098,16,269.943765655655,16.871485353478437,7,0.1438577505790724,2.427093931879174,24,Quebec / Québec,11122.098,7,7,146.42857142857142,215.0,5.158571428571428,221.66666666666663,0.0629377658783441,0,Low
G0C,24,Quebec / Québec,8551.1387,20,208.2725602989821,10.413628014949106,6,0.2338869792861622,2.4356119998262,24,Quebec / Québec,8551.1387,1,0,,,,,0.0116943489643081,0,Low
G0G,24,Quebec / Québec,127524.3928,293,1346052.5340018603,4594.03595222478,21,0.2297599647931826,1055.525538641781,24,Quebec / Québec,127524.3928,1,1,145.0,145.0,0.83,230.0,0.0007841637023658,0,Low
G0J,24,Quebec / Québec,11515.5635,4,19.088137145787,4.7720342864467495,3,0.034735599347787,0.165759471047917,24,Quebec / Québec,11515.5635,2,0,145.0,145.0,,,0.0173677996738935,0,Low
G0K,24,Quebec / Québec,3827.3675,1,0.1,0.1,1,0.0261276190488632,0.0026127619048863,24,Quebec / Québec,3827.3675,4,0,122.5,130.0,,,0.1045104761954528,0,Low
G0L,24,Quebec / Québec,7984.214,8,640.2472828645,80.0309103580625,5,0.1001977151414027,8.018914358564286,24,Quebec / Québec,7984.214,2,1,,,,,0.0250494287853506,0,Low
G0M,24,Quebec / Québec,3126.5538,4,7.0795703285350005,1.76989258213375,3,0.1279363879809136,0.2264336640724046,24,Quebec / Québec,3126.5538,1,1,170.0,170.0,7.2,300.0,0.0319840969952284,0,Low
G0N,24,Quebec / Québec,1560.109,1,2.45054281144,2.45054281144,1,0.0640980854542855,0.1570751025370663,24,Quebec / Québec,1560.109,1,1,190.0,190.0,16.2,990.0,0.0640980854542855,0,Low
G0P,24,Quebec / Québec,907.9263,6,9.65553894481,1.6092564908016669,5,0.6608465907420019,1.0634716655757193,24,Quebec / Québec,907.9263,2,0,,,,,0.2202821969140006,0,Low
G0R,24,Quebec / Québec,7117.3534,4,3.5975480188399995,0.8993870047099999,3,0.0562006658261482,0.0505461485000871,24,Quebec / Québec,7117.3534,5,2,130.0,130.0,5.97,550.0,0.0702508322826853,0,Low
G0S,24,Quebec / Québec,3444.0204,5,4.7265373205964,0.94530746411928,4,0.1451791632825403,0.1372389466855771,24,Quebec / Québec,3444.0204,6,4,124.0,150.0,1.49,60.0,0.1742149959390484,0,Low
G0T,24,Quebec / Québec,2297.7322,19,87.294616177265,4.594453483013948,10,0.8269022821719606,3.7991640704371465,24,Quebec / Québec,2297.7322,2,0,130.0,140.0,,,0.0870423454917853,0,Low
G0V,24,Quebec / Québec,38016.179,142,561360.9158959597,3953.2458865912654,18,0.3735251772672893,1476.6368705701848,24,Quebec / Québec,38016.179,7,6,156.66666666666666,190.0,6.7683333333333335,278.3333333333333,0.0184132129638804,0,Low
G0W,24,Quebec / Québec,23303.0543,102,201636.9441178105,1976.832785468731,16,0.4377108626485928,865.2811838395387,24,Quebec / Québec,23303.0543,5,4,133.0,145.0,6.263333333333333,433.3333333333333,0.0214564148357153,0,Low
G0X,24,Quebec / Québec,31080.7623,128,178879.96691249782,1397.4997415038893,21,0.4118303108672467,575.5327529804437,24,Quebec / Québec,31080.7623,26,19,160.27777777777777,190.0,6.760625,493.75,0.0836530318949094,2,Medium
G0Z,24,Quebec / Québec,620.9932,3,40.251618749889,13.417206249963,2,0.4830970773915076,6.481813126116196,24,Quebec / Québec,620.9932,1,0,145.0,145.0,,,0.1610323591305025,0,Low
G3C,24,Quebec / Québec,671.61,2,29.8347874346266,14.9173937173133,2,0.2977918732597787,4.442278619232382,24,Quebec / Québec,671.61,1,1,145.0,145.0,5.61,230.0,0.1488959366298893,0,Low
G4R,24,Quebec / Québec,26778.6185,50,553870.125748996,11077.40251497992,15,0.1867161295120583,2068.3297226441914,24,Quebec / Québec,26778.6185,1,0,130.0,130.0,,,0.0037343225902411,0,Low
G4X,24,Quebec / Québec,2866.9162,4,33.489969471831,8.37249236795775,2,0.139522738753229,1.1681530653679728,24,Quebec / Québec,2866.9162,1,0,,,,,0.0348806846883072,0,Low
G4Z,24,Quebec / Québec,42369.1968,87,58525.67348105657,672.7088905868571,16,0.2053378552599798,138.13260080742566,24,Quebec / Québec,42369.1968,4,3,160.0,190.0,5.23,400.0,0.0094408209314933,0,Low
G7A,24,Quebec / Québec,94.7399,1,0.699615498105,0.699615498105,1,1.0555214856676014,0.7384591899558687,24,Quebec / Québec,94.7399,1,0,,,,,1.0555214856676014,0,Low
G8J,24,Quebec / Québec,15119.9799,46,204157.1012243975,4438.197852704294,11,0.3042332086698078,1350.2471734396784,24,Quebec / Québec,15119.9799,4,3,145.0,145.0,7.57,366.6666666666667,0.0264550616234615,0,Low
G8K,24,Quebec / Québec,361.2722,3,72.24488072939,24.081626909796668,2,0.830398796253905,19.9973539977308,24,Quebec / Québec,361.2722,2,1,,,,,0.5535991975026033,0,Low
G8L,24,Quebec / Québec,16026.119,64,353336.04858567164,5520.875759151119,15,0.3993480892036306,2204.751185147644,24,Quebec / Québec,16026.119,3,1,120.0,145.0,8.98,310.0,0.0187194416814201,0,Low
G8N,24,Quebec / Québec,1131.6707,3,11.14302916147,3.714343053823333,3,0.2650947841982655,0.984652970291623,24,Quebec / Québec,1131.6707,1,1,210.0,210.0,22.8,900.0,0.0883649280660884,0,Low
G9T,24,Quebec / Québec,66.1901,1,0.5,0.5,1,1.5107999534673615,0.7553999767336808,24,Quebec / Québec,66.1901,1,0,,,,,1.5107999534673615,0,Low
G9X,24,Quebec / Québec,7796.8026,13,154022.53853624762,11847.887579711356,5,0.1667350151971271,1975.457715657026,24,Quebec / Québec,7796.8026,10,8,170.55555555555554,215.0,9.0475,581.25,0.12825770399779,0,Low
J0A,24,Quebec / Québec,1320.2669,2,18.142280957902003,9.071140478951,2,0.1514845218038867,1.3741373776697727,24,Quebec / Québec,1320.2669,2,1,125.0,125.0,3.65,150.0,0.1514845218038867,0,Low
J0B,24,Quebec / Québec,5103.8733,9,64.98684332439,7.220760369376666,8,0.1763366657240492,1.2732848075282353,24,Quebec / Québec,5103.8733,4,2,135.0,155.0,9.05,310.0,0.0783718514329107,0,Low
J0C,24,Quebec / Québec,1080.3758,4,5.941697305723,1.48542432643075,3,0.3702415400270906,0.5499657902114246,24,Quebec / Québec,1080.3758,2,1,115.0,115.0,1.74,30.0,0.1851207700135453,0,Low
J0E,24,Quebec / Québec,2236.4971,10,36.624609217251695,3.662460921725169,7,0.4471277874672853,1.6375880486163694,24,Quebec / Québec,2236.4971,2,1,127.5,130.0,1.85,200.0,0.089425557493457,0,Low
J0G,24,Quebec / Québec,1048.4694,3,33.09396838383,11.03132279461,3,0.2861313835196335,3.1564076532734284,24,Quebec / Québec,1048.4694,1,0,125.0,125.0,,,0.0953771278398778,0,Low
J0H,24,Quebec / Québec,1954.1085,5,5.188968360155,1.037793672031,3,0.2558711555678715,0.2655414661035966,24,Quebec / Québec,1954.1085,3,1,115.0,115.0,5.84,230.0,0.1535226933407229,0,Low
J0J,24,Quebec / Québec,1510.2477,2,7.83822821267,3.919114106335,1,0.1324286075721221,0.5190028240182057,24,Quebec / Québec,1510.2477,7,2,126.66666666666669,150.0,3.07,50.0,0.4635001265024274,0,Low
J0K,24,Quebec / Québec,12791.2938,34,121.22469245678772,3.5654321310819914,9,0.2658057936250358,0.9477125172184514,24,Quebec / Québec,12791.2938,21,16,149.11764705882354,190.0,7.198,272.0,0.1641741666507574,2,Medium
J0N,24,Quebec / Québec,216.8419,3,9.73709892849,3.2456996428300005,2,1.3834964552514988,4.490413950666361,24,Quebec / Québec,216.8419,2,0,120.0,150.0,,,0.922330970167666,0,Low
J0P,24,Quebec / Québec,581.7591,2,2.221546701396,1.110773350698,2,0.3437849102833114,0.3818671167148051,24,Quebec / Québec,581.7591,2,1,155.0,155.0,14.4,250.0,0.3437849102833114,0,Low
J0S,24,Quebec / Québec,1459.7824,6,66.938676178366,11.156446029727666,4,0.4110201630051163,4.585524265696448,24,Quebec / Québec,1459.7824,5,0,137.5,150.0,,,0.3425168025042636,0,Low
J0T,24,Quebec / Québec,5319.6991,24,127.420361344103,5.309181722670958,8,0.451153336849447,2.3952550501230983,24,Quebec / Québec,5319.6991,10,7,155.0,195.0,5.188571428571429,437.1428571428572,0.1879805570206029,0,Low
J0V,24,Quebec / Québec,2377.9266,13,30.157337554939,2.319795196533769,3,0.54669475500211,1.2682198666241002,24,Quebec / Québec,2377.9266,5,1,125.0,145.0,,,0.2102672134623499,0,Low
J0W,24,Quebec / Québec,9333.9895,20,257.220300641135,12.86101503205675,11,0.2142706502937463,2.7557380543564465,24,Quebec / Québec,9333.9895,11,11,175.45454545454547,230.0,11.872727272727271,596.3636363636364,0.1178488576615604,2,Medium
J0X,24,Quebec / Québec,22196.4282,88,447.745371876989,5.0880155895112384,13,0.3964601836253997,2.017195594906522,24,Quebec / Québec,22196.4282,26,15,148.0,190.0,5.816000000000001,256.6666666666667,0.1171359633438681,2,Medium
J0Y,24,Quebec / Québec,758980.8299,965,3523462.2217093757,3651.256188299871,21,0.1271441862539722,464.23599686616734,24,Quebec / Québec,758980.8299,31,26,154.16666666666666,190.0,7.395769230769231,365.38461538461536,0.0040844246361379,2,Medium
J0Z,24,Quebec / Québec,26583.4089,106,2080.669763269617,19.62896003084544,17,0.3987449480190631,7.826948647167733,24,Quebec / Québec,26583.4089,25,19,166.36363636363637,215.0,8.25157894736842,375.2631578947368,0.0940436198158167,2,Medium
J3E,24,Quebec / Québec,48.4921,1,27.5,27.5,1,2.0621915734727927,56.71026827050179,24,Quebec / Québec,48.4921,2,0,125.0,125.0,,,4.124383146945585,0,Low
J5J,24,Quebec / Québec,111.2007,2,1.862830889109,0.9314154445545,2,1.7985498292726576,1.6751970887854124,24,Quebec / Québec,111.2007,1,0,115.0,115.0,,,0.8992749146363288,0,Low
J7N,24,Quebec / Québec,390.5746,1,3.06533598917,3.06533598917,1,0.2560330344062312,0.7848272747818216,24,Quebec / Québec,390.5746,2,1,,,,,0.5120660688124625,0,Low
J8A,24,Quebec / Québec,119.502,2,16.91471025365,8.457355126825,2,1.6736121571187093,14.154332357324565,24,Quebec / Québec,119.502,1,0,145.0,145.0,,,0.8368060785593546,0,Low
J8N,24,Quebec / Québec,612.097,4,17.9399357123,4.484983928075,2,0.6534911950230111,2.93089750681673,24,Quebec / Québec,612.097,2,1,190.0,190.0,27.1,910.0,0.3267455975115055,0,Low
J9L,24,Quebec / Québec,587.4207,4,7.585091691714,1.8962729229285,3,0.6809429766434857,1.291253728667376,24,Quebec / Québec,587.4207,2,1,150.0,155.0,0.7,80.0,0.3404714883217428,0,Low
J9P,24,Quebec / Québec,3763.974,13,43.891310205501,3.3762546311923844,10,0.3453796439614088,1.1660896224442836,24,Quebec / Québec,3763.974,5,4,156.25,190.0,7.305000000000001,432.5,0.1328383246005418,0,Low
J9Y,24,Quebec / Québec,1324.1501,6,117.442539091803,19.5737565153005,6,0.4531208357723191,8.86927691141684,24,Quebec / Québec,1324.1501,1,0,135.0,135.0,,,0.0755201392953865,0,Low
J9Z,24,Quebec / Québec,148.3596,3,8.077331705959999,2.692443901986666,3,2.022113836920564,5.444428069339631,24,Quebec / Québec,148.3596,1,0,145.0,145.0,,,0.6740379456401878,0,Low
K0G,35,Ontario,2675.2361,2,130.0,65.0,1,0.0747597567182948,4.859384186689168,35,Ontario,2675.2361,4,1,111.25,125.0,0.3,20.0,0.1495195134365897,0,Low
K0H,35,Ontario,5232.2271,1,146.0,146.0,1,0.019112320258423,2.790398757729762,35,Ontario,5232.2271,11,3,141.875,190.0,7.85,276.6666666666667,0.2102355228426533,0,Low
K0J,35,Ontario,6565.4195,5,1687.0,337.4,3,0.0761565959341973,25.695235468198184,35,Ontario,6565.4195,12,5,138.75,190.0,10.462,544.0,0.1827758302420736,0,Low
L0K,35,Ontario,1721.4541,1,75.0,75.0,1,0.0580904248332848,4.356781862496363,35,Ontario,1721.4541,11,2,132.5,180.0,10.555,435.0,0.6389946731661332,0,Low
L3V,35,Ontario,320.9005,1,61.0,61.0,1,0.3116230731955855,19.009007464930715,35,Ontario,320.9005,2,0,,,,,0.623246146391171,0,Low
L3Z,35,Ontario,157.2,1,100.0,100.0,1,0.6361323155216285,63.61323155216285,35,Ontario,157.2,1,0,,,,,0.6361323155216285,0,Low
N0M,35,Ontario,3593.2568,3,252.0,84.0,3,0.0834897188533811,7.013136383684016,35,Ontario,3593.2568,37,10,120.0,155.0,3.64625,145.0,1.029706532525034,2,Medium
N0P,35,Ontario,2849.2033,2,164.0,82.0,2,0.0701950611948259,5.755995017975726,35,Ontario,2849.2033,43,8,131.875,175.0,10.71,356.0,1.5091938156887574,0,Low
N0R,35,Ontario,784.0921,1,44.0,44.0,1,0.1275360381771478,5.611585679794504,35,Ontario,784.0921,14,2,134.375,165.0,7.395,385.0,1.7855045344800695,0,Low
N9C,35,Ontario,8.7536,2,202.0,101.0,2,22.84774264302687,2307.6220069457136,35,Ontario,8.7536,1,1,125.0,125.0,12.3,580.0,11.423871321513436,0,Low
N9J,35,Ontario,49.31,3,267.0,89.0,3,6.083958629081322,541.4723179882377,35,Ontario,49.31,1,0,100.0,100.0,,,2.0279862096937737,0,Low
P0H,35,Ontario,18206.2677,9,3895.0,432.77777777777777,3,0.0494335255764694,21.3937313467054,35,Ontario,18206.2677,12,6,156.42857142857142,190.0,10.663333333333334,405.0,0.0659113674352926,0,Low
P0J,35,Ontario,8531.4233,6,28318.0,4719.666666666667,5,0.0703282417131969,331.9258581390517,35,Ontario,8531.4233,7,3,150.0,190.0,10.186666666666667,470.0,0.082049615332063,0,Low
P0K,35,Ontario,14618.404,9,45777.0,5086.333333333333,7,0.0615662284336922,313.1463598899031,35,Ontario,14618.404,18,13,152.30769230769232,190.0,6.394615384615384,428.46153846153845,0.1231324568673844,2,Medium
P0L,35,Ontario,126824.8916,75,83431.910239435,1112.4254698591335,19,0.059136656104187,65.78512245259826,35,Ontario,126824.8916,12,7,160.0,190.0,5.861428571428571,327.1428571428572,0.0094618649766699,0,Low
P0M,35,Ontario,63926.0532,31,73071.9,2357.158064516129,11,0.0484935303342018,114.30691610412136,35,Ontario,63926.0532,13,7,161.66666666666666,190.0,13.084285714285716,330.0,0.020335996591762,0,Low
P0N,35,Ontario,1654.6428,2,141.0,70.5,2,0.1208720093545265,8.521476659494121,35,Ontario,1654.6428,4,1,143.75,190.0,2.41,170.0,0.241744018709053,0,Low
P0P,35,Ontario,4663.9828,2,128.0,64.0,2,0.042881804795678,2.7444355069233963,35,Ontario,4663.9828,3,0,,,,,0.0643227071935171,0,Low
P0R,35,Ontario,9014.5396,2,1645.0,822.5,2,0.0221863798790123,18.24829745048765,35,Ontario,9014.5396,14,4,157.69230769230768,190.0,5.1125,330.0,0.1553046591530864,0,Low
P0S,35,Ontario,13260.6608,6,7098.0,1183.0,6,0.0452466139545625,53.52674430824744,35,Ontario,13260.6608,6,2,149.0,170.0,8.165000000000001,740.0,0.0452466139545625,0,Low
P0T,35,Ontario,94591.9474,189,365403.729,1933.3530634920637,21,0.1998055914852642,386.2947524008793,35,Ontario,94591.9474,33,19,162.5,190.0,10.588333333333331,461.1111111111111,0.0348866905767921,2,Medium
P0V,35,Ontario,374847.0227,616,1764165.554,2863.9051201298703,20,0.1643337048705869,470.6361387887849,35,Ontario,374847.0227,85,35,163.0,215.0,8.176857142857143,448.57142857142856,0.0226759170681816,2,Medium
P0W,35,Ontario,14646.5332,27,10376.9,384.3296296296296,12,0.1843439647547448,70.84884769864857,35,Ontario,14646.5332,22,10,151.25,190.0,8.022,406.0,0.1502061935038661,2,Medium
P0X,35,Ontario,18785.2943,65,332528.8,5115.827692307692,14,0.3460153403079769,1770.1548599108187,35,Ontario,18785.2943,18,8,150.76923076923077,190.0,11.272857142857143,541.25,0.0958196327006705,0,Low
P7G,35,Ontario,4037.979,2,1553.0,776.5,2,0.0495297276186924,38.459833495914665,35,Ontario,4037.979,5,1,156.25,190.0,2.04,180.0,0.123824319046731,0,Low
R0A,46,Manitoba,6746.509,159,53517.738,336.5895471698113,19,2.356774444383013,793.2656430162622,46,Manitoba,6746.509,9,1,142.5,155.0,,,0.1334023270405479,0,Low
R0B,46,Manitoba,365302.9907,4988,3844838.511,770.8176645950281,21,1.3654418734546647,1052.5067160365843,46,Manitoba,365302.9907,6,4,151.25,170.0,8.2875,220.0,0.0016424721813809,1,High
R0C,46,Manitoba,39343.0403,1407,307019.06200000003,218.208288557214,21,3.5762360744652466,780.3643532856306,46,Manitoba,39343.0403,27,7,145.83333333333334,190.0,4.8075,242.5,0.0686271314929365,0,Low
R0E,46,Manitoba,13766.1928,693,45169.895,65.18022366522366,21,5.03407158441076,328.1219118186402,46,Manitoba,13766.1928,9,3,144.0,190.0,8.63,430.0,0.0653775530442955,0,Low
R0G,46,Manitoba,9685.8031,5,152.60000000000002,30.520000000000003,4,0.0516219455256116,1.5755017774416666,46,Manitoba,9685.8031,21,5,139.0,155.0,1.42,60.0,0.2168121712075687,0,Low
R0H,46,Manitoba,7211.6618,12,35424.73,2952.060833333333,8,0.1663971541205662,491.21452145745377,46,Manitoba,7211.6618,9,3,148.33333333333334,275.0,11.17,1000.0,0.1247978655904246,0,Low
R0J,46,Manitoba,13598.1612,52,25029.721,481.34078846153847,16,0.3824046445338506,184.066953111278,46,Manitoba,13598.1612,19,4,128.0,155.0,3.115,80.0,0.1397247739642915,0,Low
R0K,46,Manitoba,12815.9876,23,2194.548,95.41513043478264,12,0.1794633446742723,17.123518440358044,46,Manitoba,12815.9876,20,11,132.0,190.0,7.28625,401.25,0.1560550823254541,2,Medium
R0L,46,Manitoba,52618.0229,798,386914.548,484.8553233082706,21,1.5165906205115127,735.3270356344004,46,Manitoba,52618.0229,13,6,160.0,190.0,11.545,780.0,0.0247063634920421,0,Low
R0M,46,Manitoba,11233.3874,1,150.0,150.0,1,0.0089020343053423,1.3353051458013458,46,Manitoba,11233.3874,18,2,147.5,260.0,10.6,1390.0,0.1602366174961615,0,Low
R1A,46,Manitoba,433.1044,4,3.823,0.95575,4,0.9235648494912544,0.8826971049012663,46,Manitoba,433.1044,1,0,,,,,0.2308912123728135,0,Low
R5G,46,Manitoba,214.8837,2,44.577,22.2885,2,0.9307360213920368,20.74470981279641,46,Manitoba,214.8837,1,0,,,,,0.4653680106960184,0,Low
R7A,46,Manitoba,632.8509,1,178.327,178.327,1,0.1580151027674923,28.178359231218604,46,Manitoba,632.8509,1,0,,,,,0.1580151027674923,0,Low
R7N,46,Manitoba,1116.0425,4,179.244,44.811,4,0.358409289968796,16.060678692791715,46,Manitoba,1116.0425,1,0,,,,,0.089602322492199,0,Low
S0A,47,Saskatchewan,33998.1118,4,1707.2012857,426.800321425,4,0.0117653592750406,5.021459120267967,47,Saskatchewan,33998.1118,32,15,127.77777777777776,150.0,3.658,180.0,0.0941228742003254,2,Medium
S0E,47,Saskatchewan,27324.2923,31,36422.27627016,1174.9121377470967,12,0.1134521606621811,133.29632061563038,47,Saskatchewan,27324.2923,8,2,146.66666666666666,190.0,20.6,410.0,0.029277976945079,0,Low
S0H,47,Saskatchewan,30936.1752,3,1438.284,479.42800000000005,1,0.0096973849566251,4.649197874984882,47,Saskatchewan,30936.1752,28,14,127.14285714285714,190.0,14.61,237.5,0.0905089262618347,2,Medium
S0J,47,Saskatchewan,205672.1322,983,7555702.256139527,7686.370555584463,21,0.4779451593588332,3673.663600079859,47,Saskatchewan,205672.1322,22,8,154.64285714285714,190.0,8.808333333333334,483.3333333333333,0.0106966363233919,1,High
S0K,47,Saskatchewan,31703.027,5,8557.6605497,1711.53210994,3,0.0157713646712662,26.9931970524455,47,Saskatchewan,31703.027,44,20,116.36363636363636,190.0,5.072857142857143,194.28571428571428,0.138788009107143,2,Medium
S0M,47,Saskatchewan,107616.9007,328,4174625.45671555,12727.516636327897,20,0.3047848412902677,3879.15413802244,47,Saskatchewan,107616.9007,26,15,173.1818181818182,215.0,10.014,630.0,0.0241597740047163,1,High
S0N,47,Saskatchewan,36943.2487,5,8851.273162540001,1770.2546325080002,4,0.0135342726369378,23.95910883316551,47,Saskatchewan,36943.2487,14,6,150.0,180.0,10.7,600.0,0.037895963383426,0,Low
S6V,47,Saskatchewan,2864.3862,9,53144.06493257,5904.896103618888,6,0.3142034408628278,1855.33867369456,47,Saskatchewan,2864.3862,2,0,,,,,0.0698229868584061,0,Low
S9X,47,Saskatchewan,3886.102,4,16684.172,4171.043,3,0.1029309060853266,429.3292353108591,47,Saskatchewan,3886.102,1,0,,,,,0.0257327265213316,0,Low
T0A,48,Alberta,36758.8253,255,375124.205,1471.0753137254903,21,0.6937109603445354,1020.5010686236484,48,Alberta,36758.8253,20,13,161.0,215.0,9.875833333333333,523.3333333333334,0.0544087027721204,2,Medium
T0B,48,Alberta,30126.9335,23,9400.317,408.70943478260864,11,0.0763436477861246,31.202369135909564,48,Alberta,30126.9335,18,5,126.66666666666669,155.0,1.1366666666666667,76.66666666666667,0.0597472026152279,0,Low
T0C,48,Alberta,18267.1684,6,25.6,4.266666666666667,6,0.0328458131474826,0.1401421360959261,48,Alberta,18267.1684,23,9,133.75,150.0,4.67,495.0,0.1259089503986835,2,Medium
T0E,48,Alberta,31996.4341,272,60863.961,223.7645625,21,0.8500947297749033,190.22107529163696,48,Alberta,31996.4341,7,3,121.66666666666669,135.0,1.88,290.0,0.0218774378986188,0,Low
T0G,48,Alberta,61454.256,591,549753.2000000001,930.2084602368868,21,0.9616909201536832,894.5730300599523,48,Alberta,61454.256,8,2,135.0,145.0,8.48,200.0,0.0130178127939584,0,Low
T0H,48,Alberta,222929.3085,1714,2981531.801392556,1739.5168036129269,21,0.7688535937839684,1337.4337459054002,48,Alberta,222929.3085,31,9,145.0,170.0,7.41,316.6666666666667,0.0139057534465011,1,High
T0J,48,Alberta,37636.6318,6,1574.5,262.4166666666667,5,0.0159419153974346,4.183424298876819,48,Alberta,37636.6318,46,8,132.85714285714286,155.0,0.76,50.0,0.1222213513803325,0,Low
T0K,48,Alberta,24909.8299,53,83827.097,1581.6433396226414,17,0.2127674103467081,336.52215746362845,48,Alberta,24909.8299,22,9,143.33333333333334,150.0,1.0,120.0,0.0883185476910864,2,Medium
T0L,48,Alberta,28134.5502,143,47291.469,330.7095734265734,21,0.5082718542982073,168.0903681196936,48,Alberta,28134.5502,24,9,134.28571428571428,180.0,4.043333333333333,250.0,0.0853043671549438,2,Medium
T0M,48,Alberta,21253.3146,59,25546.312,432.9883389830508,16,0.2776037578627853,120.19919001246043,48,Alberta,21253.3146,31,11,160.0,275.0,7.441428571428571,375.0,0.145859601588921,2,Medium
T1A,48,Alberta,1585.0244,1,20.4,20.4,1,0.0630905114142091,1.2870464328498663,48,Alberta,1585.0244,4,1,167.5,190.0,7.8,300.0,0.2523620456568365,0,Low
T1B,48,Alberta,3971.4223,2,2887.5,1443.75,2,0.0503597917552107,72.70694934658547,48,Alberta,3971.4223,1,0,,,,,0.0251798958776053,0,Low
T1J,48,Alberta,340.0114,2,6903.9,3451.95,2,0.5882155715955406,2030.4907423692264,48,Alberta,340.0114,1,0,,,,,0.2941077857977703,0,Low
T4C,48,Alberta,711.5273,1,43.8,43.8,1,0.1405427451624133,6.155772238113703,48,Alberta,711.5273,4,0,,,,,0.5621709806496533,0,Low
T4T,48,Alberta,7240.1975,42,28955.06,689.4061904761905,15,0.5800946728317838,399.92085851249226,48,Alberta,7240.1975,2,0,,,,,0.0276235558491325,0,Low
T7A,48,Alberta,2176.0102,20,1891.7,94.585,11,0.9191133387150482,86.93433514236284,48,Alberta,2176.0102,1,1,190.0,190.0,3.36,600.0,0.0459556669357524,0,Low
T7E,48,Alberta,8054.354,54,2858.5,52.93518518518518,16,0.6704448302123298,35.49012124373972,48,Alberta,8054.354,1,0,145.0,145.0,,,0.012415645003932,0,Low
T9S,48,Alberta,2102.1672,26,1324.0,50.92307692307692,15,1.2368188410512733,62.98262098276484,48,Alberta,2102.1672,1,1,,,,,0.0475699554250489,0,Low
V0A,59,British Columbia / Colombie-Britannique,20695.6446,297,77145.154,259.7479932659933,20,1.4350845588061558,372.7603343169123,59,British Columbia / Colombie-Britannique,20695.6446,1,0,145.0,145.0,,,0.0048319345414348,0,Low
V0C,59,British Columbia / Colombie-Britannique,322135.9905,1040,1525237.567840915,1466.5745844624182,20,0.3228450190820885,473.47629970607545,59,British Columbia / Colombie-Britannique,322135.9905,22,1,156.75,190.0,7.45,380.0,0.006829413865198,0,Low
V0E,59,British Columbia / Colombie-Britannique,48020.3801,539,138337.323,256.6555157699444,21,1.1224400949712598,288.080441495714,59,British Columbia / Colombie-Britannique,48020.3801,2,0,,,,,0.0041648983115816,0,Low
V0H,59,British Columbia / Colombie-Britannique,9878.8119,143,58627.9,409.9853146853147,16,1.4475424924327185,593.4711642803928,59,British Columbia / Colombie-Britannique,9878.8119,4,0,115.0,115.0,,,0.040490699089027,0,Low
V0J,59,British Columbia / Colombie-Britannique,175022.1807,623,1052236.1,1688.9825040128412,19,0.355954883837189,601.2015710189355,59,British Columbia / Colombie-Britannique,175022.1807,3,2,145.0,145.0,4.68,150.0,0.0017140684614952,0,Low
V0K,59,British Columbia / Colombie-Britannique,35795.9575,499,327535.1,656.3829659318637,20,1.394012159054553,915.005835505308,59,British Columbia / Colombie-Britannique,35795.9575,2,0,,,,,0.0055872230823829,0,Low
V0N,59,British Columbia / Colombie-Britannique,21444.9524,138,27652.2,200.3782608695652,15,0.6435080732564368,128.94502857464957,59,British Columbia / Colombie-Britannique,21444.9524,1,1,115.0,115.0,0.7,130.0,0.0046631019801191,0,Low
V0X,59,British Columbia / Colombie-Britannique,10636.4799,114,98914.1,867.6675438596492,17,1.071783156380524,929.9514588468314,59,British Columbia / Colombie-Britannique,10636.4799,1,0,,,,,0.0094016066349168,0,Low
V1E,59,British Columbia / Colombie-Britannique,456.3422,1,2.1,2.1,1,0.2191337991533546,0.4601809782220448,59,British Columbia / Colombie-Britannique,456.3422,1,0,,,,,0.2191337991533546,0,Low
V1G,59,British Columbia / Colombie-Britannique,9955.2594,45,92156.5,2047.9222222222224,12,0.452022375228113,925.7066671713244,59,British Columbia / Colombie-Britannique,9955.2594,2,0,,,,,0.0200898833434716,0,Low
V1J,59,British Columbia / Colombie-Britannique,181.1558,7,47.7,6.814285714285715,4,3.864077219719159,26.330926197229125,59,British Columbia / Colombie-Britannique,181.1558,1,1,130.0,130.0,3.08,80.0,0.5520110313884513,0,Low
V1Z,59,British Columbia / Colombie-Britannique,818.1401,25,5122.8,204.912,9,3.055711362882714,626.1519267910228,59,British Columbia / Colombie-Britannique,818.1401,3,0,,,,,0.3666853635459257,0,Low
V2J,59,British Columbia / Colombie-Britannique,21541.319,165,859506.3,5209.129090909091,19,0.7659698089982327,3990.035614810774,59,British Columbia / Colombie-Britannique,21541.319,4,2,128.75,145.0,5.21,315.0,0.0185689650666238,0,Low
V2R,59,British Columbia / Colombie-Britannique,241.2295,3,3.2,1.0666666666666669,3,1.2436289923081547,1.326537591795365,59,British Columbia / Colombie-Britannique,241.2295,1,0,,,,,0.4145429974360516,0,Low
V4S,59,British Columbia / Colombie-Britannique,169.696,3,6.9,2.3000000000000003,3,1.7678672449556854,4.066094663398077,59,British Columbia / Colombie-Britannique,169.696,1,1,115.0,115.0,0.3,60.0,0.5892890816518952,0,Low
V4T,59,British Columbia / Colombie-Britannique,67.2407,9,635.3,70.58888888888889,6,13.384750604916366,944.8146732559296,59,British Columbia / Colombie-Britannique,67.2407,1,0,125.0,125.0,,,1.487194511657374,0,Low
V7W,59,British Columbia / Colombie-Britannique,810.013,1,4.5,4.5,1,0.123454808749983,0.5555466393749235,59,British Columbia / Colombie-Britannique,810.013,1,1,95.0,95.0,3.86,310.0,0.123454808749983,0,Low
V9J,59,British Columbia / Colombie-Britannique,187.5907,1,4.0,4.0,1,0.5330754669607821,2.1323018678431285,59,British Columbia / Colombie-Britannique,187.5907,1,0,,,,,0.5330754669607821,0,Low
X0E,61,Northwest Territories / Territoires du Nord-Ouest,920802.8987,1893,6479341.476576458,3422.790003474093,21,0.2055814553443043,703.6621502521403,61,Northwest Territories / Territoires du Nord-Ouest,920802.8987,3,1,172.5,190.0,1.66,120.0,0.0003258026233665,1,High
Y0A,60,Yukon,158266.8753,228,1046664.90531,4590.635549605263,17,0.1440604672126233,661.329102079012,60,Yukon,158266.8753,1,0,145.0,145.0,,,0.0006318441544413,0,Low
Y0B,60,Yukon,311462.8154,538,2917623.894484813,5423.092740678091,21,0.1727333002204667,936.7487064989822,60,Yukon,311462.8154,1,0,145.0,145.0,,,0.0003210656137926,0,Low
